risk manager;Manager;Risk Manager;Finance and Accounting;Risk Management
Director Of Windows And Display;Team Leader;Visual Merchandising Head;Sales and Marketing;Executive Leadership
Flagship Store Manager;Manager;Store Manager;Sales and Marketing;Store Management
Menswear Department Manager;Manager;Department Manager;Sales and Marketing;Department or Division Management
Senior Technology & Ecommerce Operations Manager;Manager;E-commerce Operations Manager;Operations;Operations Management
Data Science Intern;Internship;Data Scientist;Data and Analytics;Data Science
Public Relations Intern;Internship;Public Relations Assistant;Public Relations and Communications;Public Relations
Head Of Charity Projects;Head;Head of Charity;Community and Social Responsibility;Corporate Social Responsibility
statistical assistant;Junior;Statistical Expert;Data and Analytics;Statistics
Director For Commercial And Financial Analytics;Team Leader;Chief Financial Officer;Finance and Accounting;Executive Leadership
Internal Merchandise Planner;Internship;Merchandiser;Sales and Marketing;Merchandising
Assistant Hub Leader;Team Leader;Hub Leader;Operations;Supply Chain and Logistics
Investor Relations & Corporate Planning Director;Team Leader;Corporate Planner;Corporate Planning;Strategic Planning
strategic planner;Specialist;Strategic Planner;Corporate Planning;Strategic Planning
CoCEO And Executive Board Member;Head;Chief Executive Officer;Executive and Management;Executive Leadership
Sales Assistant;Junior;Salesperson;Sales and Marketing;Sales
Senior Photographer;Specialist;Photographer;Creative and Design;Photography
Transport Planner;Specialist;Transport Planner;Operations;Supply Chain and Logistics
Business Development Officer;Specialist;Business Development Specialist;Corporate Planning;Business Development
JÃ¤germeister senior brand ambassador Bali & Java;Specialist;Brand Ambassador;Sales and Marketing;Marketing
Engineer;Specialist;Engineer;Engineering;Engineering
Product Designer;Specialist;Product Designer;Creative and Design;Product Design
HR Cost Controller Compensation & Benefit;Specialist;Compensation and Benefits Manager;Human Resources;Compensation and Benefits
Head Of Supply Chain;Head;Supply Chain Manager;Operations;Supply Chain and Logistics
Software Quality Assurance;Specialist;Software QA Specialist;Information Technology;Quality Assurance and Testing
Accounting assistant manager;Junior;Accounting Manager;Finance and Accounting;Accounting
Bank Teller;Specialist;Bank Teller;Customer Service or Support;Customer Facing Roles
Technician;Specialist;Technician;Unknown;Unknown
Junior Retail Buyer;Junior;Retail Buyer;Sales and Marketing;Purchasing and Sourcing
Digital Media Planner;Specialist;Digital Media Planner;Sales and Marketing;Digital Marketing
Restaurant Manager;Manager;Restaurant Manager;Hospitality and Tourism;Restaurant Management
Shipper Success Management - Marketplace;Specialist;Shipping Manager;Operations;Supply Chain and Logistics
Software Development Engineer;Specialist;Software Engineer;Information Technology;Creation of Software
Sales And Marketing Specialist;Specialist;Marketing Specialist;Sales and Marketing;Digital Marketing
Head Of Retail;Head;Head Of Retail;Sales and Marketing;Executive Leadership
DÃ©veloppeur;Specialist;Software Developer;Information Technology;Creation of Software
Tour Optimization;Specialist;Tour Optimization;Hospitality and Tourism;Tourism
Physiotherapist;Specialist;Physiotherapist;Healthcare;Physical Therapy
infrastructure architect;Specialist;Infrastructure Architect;Information Technology;Systems Architecture
Customer Service Consultant;Specialist;Customer Service Representative;Customer Service or Support;Customer Service
Customer Care SpecialistEcommerce;Specialist;Customer Care Specialist;Customer Service or Support;Customer Success
Backend Software Engineer;Specialist;Backend Software Engineer;Information Technology;Creation of Software
Digital Marketing Director;Team Leader;Digital Marketing Manager;Sales and Marketing;Digital Marketing
Senior Software Analyst;Specialist;Software Analyst;Information Technology;Creation of Software
Senior Showroom Seller;Specialist;Showroom Seller;Sales and Marketing;Sales
Foreign Sales Office;Specialist;Foreign Sales Representative;Sales and Marketing;Sales
Retail Analyst;Specialist;Retail Analyst;Data and Analytics;Reporting
Tailor;Specialist;Tailor;Creative and Design;Fashion Design
Assistant Store Manager;Junior;Assistant Store Manager;Operations;Executive Support
CRM/CLM & Martech Lead;Team Leader;Customer Relations Manager;Customer Service or Support;Customer Management
Chief Executive Officer;Head;Chief Executive Officer;Executive and Management;Executive Leadership
data engineer;Specialist;Data Engineer;Data and Analytics;Data Engineering
Community Specialist;Specialist;Community Specialist;Community and Social Responsibility;Community Engagement
Senior Public Relations And Marketing Director;Team Leader;Public Relations Manager;Public Relations and Communications;Public Relations
Nurse;Specialist;Nurse;Healthcare;Nursing
With CEO;Head;Chief Executive Officer;Executive and Management;Executive Leadership
assistant risk manager;Junior;Risk Manager;Finance and Accounting;Risk Management
Waste Manager;Manager;Waste Management Officer;Environmental Services;Waste Management
Commercial Planning & Activation Manager ;Manager;Brand Activation Manager;Sales and Marketing;Marketing
Human Resources Manager;Manager;Human Resources Manager;Human Resources;Human Resources
Stock Manager;Manager;Stock Manager;Operations;Inventory Management
ASDz zx;Specialist;Unknown;Unknown;Unknown

