declared_job_role;hierarchical_position;normalized_job_role;general_cluster;function
Senior Public Relations And Marketing Director;Team Leader;Public Relations Manager;Public Relations and Communications;Public Relations
Head of FP&A - Finance Business;Head;Financial Planner;Finance and Accounting;Financial Planning and Analysis
Manager;Manager;Manager;Executive and Management;General Management
Global Media Coordinator;Manager;Public Relations Manager;Public Relations and Communications;Public Relations
Information Technology Help Desk Manager;Manager;Help Desk Manager;Information Technology;Technical Support
skin care specialist;Specialist;Skin Care Specialist;Healthcare;Dermatology
Branch Operations & Service Manager;Manager;Branch Operations Manager;Operations;Operations Management
Admin;Specialist;IT Administrator;Information Technology;Systems Administration
Project Manager Scrum Master;Manager;Project Manager;Operations;Project Management
Monobrand Planning And Control;Specialist;Operations Manager;Operations;Operations Management
High Specialization Course In Tailoring;Specialist;Tailor;Creative and Design;Fashion Design
Customer Service Specialist;Specialist;Customer Service Representative;Customer Service or Support;Customer Service
Buying Merchandising & Internal Planning;Specialist;Merchandise Planner;Operations;Inventory Management
content marketing manager;Manager;Content Marketing Manager;Sales and Marketing;Marketing
Picker;Specialist;Picker;Agriculture and Farming;Crop Picking
Worldwide Ecommerce Retail Buyer;Specialist;Retail Buyer;Sales and Marketing;Purchasing and Sourcing
Head Of Mens Style Office;Head;Fashion Executive;Creative and Design;Executive Leadership
Sales Stock Associate;Junior;Stock Associate;Operations;Inventory Management
Retail Associate;Junior;Retail Associate;Sales and Marketing;Retail Management
Ecommerce Production & Styling Assistant;Junior;Product Photographer;Creative and Design;Photography
Government Property Inspector & Investigator;Specialist;Government Property Inspector;Government and Public Administration;Government Administration
Senior Account Manager;Specialist;Account Manager;Sales and Marketing;Customer Management
Waste Manager;Manager;Waste Management Officer;Environmental Services;Waste Management
Environmental Health Safety;Specialist;Environmental and Safety Officer;Environmental Services;Safety and Enviroment Protection
Project Site Manager I;Manager;Project Manager;Operations;Project Management
Supervisor;Manager;Supervisor;Executive and Management;Department or Division Management
Retail;Specialist;Salesperson;Sales and Marketing;Sales
Team Supervisor;Team Leader;Supervisor;Executive and Management;Department or Division Management
endocrinologist;Specialist;Endocrinologist;Healthcare;Endocrinology
Logistic Office Worker;Specialist;Logistics Manager;Operations;Supply Chain and Logistics
Member-External Relation Division;Specialist;External Relations Manager;Public Relations and Communications;Public Relations
Art Direction & Graphic Design;Specialist;Graphic Designer;Creative and Design;Graphic Design
Corporate Financial Controller;Specialist;Financial Controller;Finance and Accounting;Accounting
B2B Sales Support;Specialist;Sales Manager;Sales and Marketing;Sales
Communication And Image Office;Specialist;Public Relations Assistant;Public Relations and Communications;Public Relations
CRM Senior CRM Analyst;Specialist;Customer Relations Specialist;Customer Service or Support;Customer Management
IT Manager;Manager;Information Technology Manager;Information Technology;Executive Leadership
Senior Inventory Analyst;Specialist;Inventory Specialist;Operations;Inventory Management
Merchandiser Lead at Tokopedia Now;Team Leader;Merchandiser;Sales and Marketing;Merchandising
Assistant Hub Leader;Team Leader;Hub Leader;Operations;Supply Chain and Logistics
Customer Care Japanese Specialist;Specialist;Customer Care Specialist;Customer Service or Support;Customer Success
Operations Incharge;Specialist;Operations Manager;Operations;Operations Management
VP - Head of B2B SMB Product & Marketing;Head;Product Marketing Manager;Sales and Marketing;Marketing
ItalianChinese Interpreter;Specialist;Interpreter;Language Services;Interpretation
Chef;Specialist;Chef;Food and Beverage;Culinary Arts
Far East Commercial Office;Specialist;Foreign Sales Representative;Sales and Marketing;Sales
Store Planner;Specialist;Store Planner;Sales and Marketing;Store Management
Senior Womens Buyer Canada;Specialist;Buyer;Operations;Purchasing and Sourcing
Events Communication And Strategic Marketing;Specialist;Public Relations Assistant;Public Relations and Communications;Public Relations
Associate Data Consultant;Specialist;Data Analyst;Data and Analytics;Analytics and Insights
CRM Analyst;Specialist;Customer Relations Specialist;Customer Service or Support;Customer Management
chief financial officer;Head;Chief Financial Officer;Finance and Accounting;Executive Leadership
Shop Manager Director;Team Leader;Store Manager;Sales and Marketing;Store Management
Responsible For Planning Checking And Shipping Goods;Specialist;Logistics Manager;Operations;Supply Chain and Logistics
Industrial Costs And Pricing;Specialist;Cost Analyst;Finance and Accounting;Financial Planning and Analysis
Bartender;Specialist;Bartender;Customer Service or Support;Customer Facing Roles
Artist;Specialist;Artist;Arts and Entertainment;Art
Retail Analyst;Specialist;Retail Analyst;Data and Analytics;Reporting
Worker;Specialist;Worker;Unknown;Unknown
ICT Security Manager & Technical Lead;Team Leader;Cybersecurity Manager;Information Technology;Information Security
Customer Care Manager North America;Manager;Customer Care Manager;Customer Service or Support;Customer Success
legal secretary;Specialist;Legal Secretary;Administrative and Office;Administrative Support
B2B Customer Relations;Specialist;Customer Relations Specialist;Customer Service or Support;Customer Management
Senior Copywriter Content & UX Office;Specialist;Copywriter;Creative and Design;Writing
Employee;Specialist;Worker;Unknown;Unknown
Head of Operations & Service;Head;Head of Operations;Operations;Executive Leadership
Fashion Designer;Specialist;Fashion Designer;Creative and Design;Fashion Design
Area Manager West Coast Nordstrom;Manager;Area Manager;Executive and Management;Department or Division Management
Sales And Marketing Specialist;Specialist;Marketing Specialist;Sales and Marketing;Digital Marketing
Senior Account Wholesale Kids;Manager;Account Manager;Sales and Marketing;Customer Management
Internal Product Marketing;Specialist;Product Marketing Manager;Sales and Marketing;Product Management
Cosmetic Testing in Chemical Laboratory;Specialist;Cosmetic Chemist;Research and Development;Chemistry
City Head;Head;City Manager;Government and Public Administration;Executive Leadership
Visual Merchandising Team Lead;Team Leader;Visual Merchandising Manager;Creative and Design;Visual Merchandising
Seller;Specialist;Salesperson;Sales and Marketing;Sales
Community Officer;Specialist;Community Specialist;Community and Social Responsibility;Community Engagement
Lecturer;Specialist;Lecturer;Education and Training;Teaching
SVP IT Business Partner;Specialist;IT Business Partner;Information Technology;Business Analysis
Senior Software Analyst;Specialist;Software Analyst;Information Technology;Creation of Software
CRM Consultant;Specialist;Customer Relations Specialist;Customer Service or Support;Customer Management
Information Systems And Telecommunications Specialist;Specialist;Information Technology Specialist;Information Technology;Information Technology
order clerk;Specialist;Order Clerk;Customer Service or Support;Order Processing
Analyst;Specialist;Analyst;Data and Analytics;Analytics and Insights
Outerwear Prototyper;Specialist;Outerwear Prototyper;Creative and Design;Prototyping
Business Development - Partnership & Operation;Specialist;Business Development Manager;Corporate Planning;Business Development
Web content specialist;Specialist;Web Content Specialist;Creative and Design;Content Creation
Junior Merchandise Planner;Junior;Merchandise Planner;Operations;Inventory Management
Facility Management;Specialist;Facility Manager;Operations;Facilities Management
Accountant;Specialist;Accountant;Finance and Accounting;Accounting
Retail Buyer;Specialist;Retail Buyer;Sales and Marketing;Purchasing and Sourcing
Inventory Leader;Team Leader;Inventory Manager;Operations;Inventory Management
Sales Associate;Junior;Sales Associate;Sales and Marketing;Sales
People Operations Assistant Manager;Junior;People Operations Manager;Human Resources;Employee Relations
Artist Manager;Manager;Artist Manager;Public Relations and Communications;Public Relations
Digital & Social Media Specialist;Specialist;Digital Media Specialist;Sales and Marketing;Digital Marketing
Assistant Manager Service Management;Junior;Customer Service Manager;Customer Service or Support;Customer Service
Business Development Manager;Manager;Business Development Manager;Corporate Planning;Business Development
Seasonal Worker;Specialist;Worker;Unknown;Unknown
Working Student;Specialist;Student;Education and Training;Learning
e commerce manager;Manager;E-Commerce Manager;Sales and Marketing;E-Commerce
Global Chief Information Officer;Head;Chief Information Officer;Information Technology;Executive Leadership
desktop support technician;Specialist;Desktop Support Technician;Information Technology;Technical Support
Business Development Executive;Specialist;Business Development Specialist;Corporate Planning;Business Development
Legal Counsel;Specialist;Legal Consultant;Legal and Compliance;Consulting
Head Of Corporate Affairs;Head;Head of Corporate Communications;Public Relations and Communications;Executive Leadership
Digital Account Manager;Specialist;Account Manager;Sales and Marketing;Customer Management
Clothing And Packaging Department Worker;Specialist;Logistic Worker;Operations;Supply Chain and Logistics
Corporate Travel Management;Specialist;Travel Manager;Event Planning and Coordination;Travel Organization
Internship Student;Internship;Intern;Education and Training;Intern
IT Logistic & Warehouse Analyst;Specialist;IT Warehouse Analyst;Information Technology;Supply Chain and Logistics
Logistic Manager;Manager;Logistics Manager;Operations;Supply Chain and Logistics
Senior Designer;Specialist;Designer;Creative and Design;Design
Line Manager;Manager;Line Manager;Operations;Goods Production
butcher;Specialist;Butcher;Food and Beverage;Food Production
Digital Content Editor;Specialist;Digital Content Editor;Creative and Design;Writing
Senior Stock Controller;Specialist;Stock Manager;Operations;Inventory Management
Training Expert;Specialist;Instructor;Education and Training;Teaching
chief information security officer;Head;Chief Information Security Officer;Information Technology;Executive Leadership
Team Leader;Team Leader;Team Leader;Executive and Management;Department or Division Management
Operation Excellence - Customer Loyalty Lead;Team Leader;Customer Loyalty Manager;Sales and Marketing;Customer Management
IT Consultant;Specialist;IT Consultant;Information Technology;Consulting
Intern;Internship;Intern;Education and Training;Intern
E-commerce Support;Specialist;E-commerce Support;Customer Service or Support;Customer Support
Digital Marketing Manager;Manager;Digital Marketing Manager;Sales and Marketing;Digital Marketing
Assistant;Junior;Assistant;Unknown;Unknown
Senior Public Relations Manager;Manager;Public Relations Manager;Public Relations and Communications;Public Relations
Floor Manager;Manager;Store Manager;Sales and Marketing;Store Management
Foreign Sales Representative;Specialist;Foreign Sales Representative;Sales and Marketing;Sales
Base Distinguished Office Production;Specialist;Production Manager;Operations;Production Managment
Retail Allocator;Specialist;Retail Allocator;Operations;Inventory Management
Press Sale;Specialist;Public Relations Assistant;Public Relations and Communications;Public Relations
Back Office For Press Office;Specialist;Public Relations Assistant;Public Relations and Communications;Public Relations
Inside Sales Specialist;Specialist;Inside Sales Representative;Sales and Marketing;Inside Sales
Product Designer;Specialist;Product Designer;Creative and Design;Product Design
mortician;Specialist;Mortician;Funeral Services;Mortuary Science
Organization Development;Specialist;Organization Development Manager;Corporate Planning;Organizational Development
Product Owner;Specialist;Product Owner;Information Technology;Product Management
Junior Financial Controller Asia Area;Junior;Financial Controller;Finance and Accounting;Accounting
Dresser;Specialist;Dresser;Arts and Entertainment;Theatrical Production
Key Account Manager;Specialist;Key Account Manager;Sales and Marketing;Customer Management
Tour Optimization;Specialist;Tour Optimization;Hospitality and Tourism;Tourism
CoCEO And Executive Board Member;Head;Chief Executive Officer;Executive and Management;Executive Leadership
Italian High Fashion Seller;Specialist;Salesperson;Sales and Marketing;Sales
child psychotherapist;Specialist;Child Psychotherapist;Healthcare;Psychotherapy
Project Coordinator;Specialist;Project Coordinator;Operations;Project Management
Monobrand Management Control;Specialist;Internal Control Manager;Operations;Quality Control
Jr. Store Operations at Swift - A Tokopedia Company (GoTo Group);Junior;Store Operations Manager;Operations;Facilities Management
People Performance Reward & Analytics Lead;Team Leader;People Performance Manager;Human Resources;Performance Management
Account Relationship Management;Specialist;Account Manager;Sales and Marketing;Customer Management
Deputy Store Manager;Manager;Store Manager;Sales and Marketing;Store Management
Senior Model Maker;Specialist;Modeller;Creative and Design;Modeling
Director Of Windows And Display;Team Leader;Visual Merchandising Head;Sales and Marketing;Executive Leadership
Jr. UI/UX Designer;Junior;UI/UX Designer;Creative and Design;User Experience and Interface Design
Designer Womens Footwear;Specialist;Fashion Designer;Creative and Design;Fashion Design
industrial machinery mechanic;Specialist;Industrial Machinery Mechanic;Manufacturing;Industrial Machinery Maintenance
Head Of The Footwear Category;Head;Department Manager;Sales and Marketing;Department or Division Management
CSR and Sponsorship Specialist;Specialist;Community and Social Responsibility Manager;Community and Social Responsibility;Corporate Social Responsibility
Sales Representative;Specialist;Salesperson;Sales and Marketing;Sales
Sales Associate Versace;Junior;Sales Associate;Sales and Marketing;Sales
Chief Strategy Officer (CSO);Head;Chief Strategy Officer;Corporate Planning;Executive Leadership
Multibrand Foreign Sales Office;Specialist;Foreign Sales Representative;Sales and Marketing;Sales
Multibrand Foreign Commercial Retail Europe;Specialist;Foreign Sales Representative;Sales and Marketing;Sales
Head Of Press & Public Relations;Head;Chief Comunication Officer;Public Relations and Communications;Executive Leadership
Mens Style Office Leather Accessories;Specialist;Fashion Designer;Creative and Design;Fashion Design
Customer Operations Specialist;Specialist;Customer Operations Specialist;Customer Service or Support;Customer Success
Student Parking Enforcement Officer;Specialist;Parking Enforcement Officer;Military and Security;Law Enforcement
Strategic Planning Officer;Specialist;Strategic Planning Officer;Corporate Planning;Strategic Planning
BTPO Training Manager;Manager;Training Manager;Education and Training;Training and Development
Store Director;Team Leader;Store Manager;Sales and Marketing;Store Management
Senior Data Analyst Wholesale;Specialist;Data Analyst;Data and Analytics;Data Analysis
KOL Specialist;Specialist;Key Opinion Leader Specialist;Sales and Marketing;Advertising and Promotions
Personal interpreter;Specialist;Interpreter;Language Services;Interpreting
Information technology project manager;Specialist;Project Manager;Operations;Project Management
Small Business Owner;Specialist;Owner;Executive and Management;Entrepreneurship
Security Engineer;Specialist;Security Engineer;Information Technology;Information Security
Senior Sales Executive At Brunello Cucinelli SpA;Specialist;Sales Manager;Sales and Marketing;Sales
instructor;Specialist;Instructor;Education and Training;Teaching
compliace supervisor;Manager;Compliance Manager;Legal and Compliance;Compliance
Tech Lead;Team Leader;Technical Lead;Information Technology;Software Development
Talent Management Expert;Specialist;Talent Manager;Human Resources;Talent Management
Radio producer;Specialist;Radio Producer;Arts and Entertainment;Production Art
Financial Planning & Analysis FP&A;Specialist;Financial Planner;Finance and Accounting;Financial Planning and Analysis
MD Manager;Manager;Area Manager;Executive and Management;Department or Division Management
Owner;Specialist;Owner;Executive and Management;Entrepreneurship
Backend Software Engineer;Specialist;Backend Software Engineer;Information Technology;Creation of Software
Commercial Employee;Specialist;Commercial Clerk;Sales and Marketing;Administrative Support
Senior Client Advisor;Specialist;Client Advisor;Customer Service or Support;Customer Success
Public Relations Intern;Internship;Public Relations Assistant;Public Relations and Communications;Public Relations
Mens Product Lead;Team Leader;Department Manager;Sales and Marketing;Department or Division Management
virtual reality specialist;Specialist;Virtual Reality Specialist;Information Technology;Virtual Reality
Senior Sales Consultant;Specialist;Sales Consultant;Sales and Marketing;Consulting
MadetoMeasure Ambassador;Specialist;Brand Ambassador;Sales and Marketing;Marketing
Community Specialist;Specialist;Community Specialist;Community and Social Responsibility;Community Engagement
Physiotherapist;Specialist;Physiotherapist;Healthcare;Physical Therapy
Specialist - People Resourcing;Specialist;Recruitment Specialist;Human Resources;Talent Acquisition and Recruitment
Season Sample Coordinator;Manager;Fashion Sample Coordinator;Creative and Design;Fashion Design
Warehouse Worker;Specialist;Warehouse Worker;Operations;Supply Chain and Logistics
Marketing Director;Team Leader;Marketing Director;Sales and Marketing;Executive Leadership
Tour Guide;Specialist;Tour Guide;Hospitality and Tourism;Tourism
Assistant Sales Manager;Junior;Sales Associate;Sales and Marketing;Sales
Scrum Master;Specialist;Scrum Master;Operations;Project Management
Showroom Sales Executive Womenswear And Menswear;Specialist;Showroom Supervisor;Sales and Marketing;Sales
Teacher;Specialist;Teacher;Education and Training;Teaching
defense attorney;Specialist;Defense Attorney;Legal and Compliance;Legal Services
Telesales Supervisor;Manager;Telesales Supervisor;Sales and Marketing;Telesales
Junior Retail Business Planner;Junior;Business Development Specialist;Corporate Planning;Business Development
abnormal psychologist;Specialist;Abnormal Psychologist;Healthcare;Psychology
Sales Expert;Specialist;Salesperson;Sales and Marketing;Sales
General Manager;Manager;General Affair Manager;Executive and Management;General Management
Showroom Assistant;Junior;Showroom Seller;Sales and Marketing;Sales
Ecommerce Merchandising Analyst;Specialist;Merchandiser;Sales and Marketing;Merchandising
Customer Care Assistant;Junior;Customer Service Representative;Customer Service or Support;Customer Service
Global Digital Marketing & Online Media Manager;Manager;Digital Marketing Manager;Sales and Marketing;Digital Marketing
Internship Program;Internship;Intern;Education and Training;Intern
Vice President;Head;Vice President;Executive and Management;Executive Leadership
Business Development Expert;Specialist;Business Development Specialist;Corporate Planning;Business Development
DJMusic Curator;Specialist;DJ;Arts and Entertainment;Music
UX Researcher;Specialist;UX Expert;Information Technology;User Experience and Interface Design
Financial Controller;Specialist;Financial Controller;Finance and Accounting;Accounting
Thailand Device Retail Management;Specialist;Device Retail Manager;Customer Service or Support;Technical Support
Image Office;Specialist;Public Relations Assistant;Public Relations and Communications;Public Relations
Showroom Supervisor;Manager;Showroom Supervisor;Sales and Marketing;Sales
tree trimmer;Specialist;Tree Trimmer;Agriculture and Farming;Vegetation Management
Content & UX Manager;Manager;UX Expert;Information Technology;User Experience and Interface Design
Working Student;Specialist;Worker;Unknown;Unknown
operations manager;Manager;Operations Manager;Operations;Operations Management
Infectious disease nurse;Specialist;Infectious Disease Nurse;Healthcare;Nursing
Canada Regional Manager;Manager;Area Manager;Executive and Management;Department or Division Management
Stability Study Analyst;Specialist;Stability Analyst;Research and Development;Chemistry
Head of Video Banking Services Unit;Head;Head of Video Banking Services;Information Technology;Executive Leadership
Talent Management Specialist ;Specialist;Talent Manager;Human Resources;Talent Management
Head Of Internal Audit;Head;Internal Auditor;Finance and Accounting;Auditing
Assistant Manager HR Development;Junior;Human Capital Development Manager;Human Resources;Training and Development
Dot Net Developer;Specialist;Software Developer;Information Technology;Creation of Software
Credit Marketing Officer ;Specialist;Credit Marketing Officer;Sales and Marketing;Marketing
Teacher;Specialist;Teacher;Education and Training;Teaching
Accounting assistant manager;Junior;Accounting Manager;Finance and Accounting;Accounting
Model Making;Specialist;Modeller;Creative and Design;Modeling
Senior Internal Auditor;Specialist;Internal Auditor;Finance and Accounting;Auditing
mobile developer;Specialist;Mobile Developer;Information Technology;Mobile Development
With CEO;Head;Chief Executive Officer;Executive and Management;Executive Leadership
Customer Support Team Leader;Team Leader;Customer Support Manager;Customer Service or Support;Customer Support
Assistant Manager Facility Management;Junior;Facility Manager;Operations;Facilities Management
Mr. People Information & System;Specialist;People Information Manager;Human Resources;HR Information Systems
Merchandising Manager;Manager;Merchandiser Manager;Sales and Marketing;Merchandising
Kol specialist (Trgr.id);Specialist;Key Opinion Leader Specialist;Sales and Marketing;Advertising and Promotions
Logistics;Specialist;Logistics Manager;Operations;Supply Chain and Logistics
Operations Manager;Manager;Operations Manager;Operations;Operations Management
Commercial Specialist;Specialist;Commercial Clerk;Sales and Marketing;Administrative Support
Showroom Sales Account;Specialist;Showroom Seller;Sales and Marketing;Sales
Mobile Developer;Specialist;Mobile Developer;Information Technology;Creation of Software
physical therapy assistant;Junior;Physical Therapy Assistant;Healthcare;Physical Therapy
Multibrand Sales Office Europe Holland And Scandinavia;Specialist;Foreign Sales Representative;Sales and Marketing;Sales
early childhood teacher;Specialist;Early Childhood Teacher;Education and Training;Teaching
digital media specialist;Specialist;Digital Media Specialist;Sales and Marketing;Digital Marketing
Designer;Specialist;Designer;Creative and Design;Design
Senior Application Developer - Mobile & Web - Global System Support & Supply Chain;Specialist;Application Developer;Information Technology;Creation of Software
event planner;Specialist;Event Planner;Event Planning and Coordination;Event Planning
CRM/CLM & Martech Lead;Team Leader;Customer Relations Manager;Customer Service or Support;Customer Management
Sales and Marketing Officer;Specialist;Marketing Manager;Sales and Marketing;Marketing
amazon web services consultant;Specialist;Amazon Web Services Consultant;Information Technology;Cloud Computing
Strategic Advisor;Specialist;Strategic Advisor;Corporate Planning;Strategic Planning
BD & Partnership Manager, Digital +;Manager;Business Development Manager;Corporate Planning;Business Development
Transport Planner;Specialist;Transport Planner;Operations;Supply Chain and Logistics
QC Improvement & Project Mr. Supervisor;Specialist;Quality Control Supervisor;Operations;Quality Control
Senior Executive Trade Marketing;Specialist;Trade Marketing Manager;Sales and Marketing;Marketing
Inventory Supervisor;Manager;Inventory Manager;Operations;Inventory Management
People Ops Supervisor;Manager;People Operations Manager;Human Resources;Employee Relations
Clinical Account Assistant Specialist;Specialist;Clinical Account Specialist;Sales and Marketing;Customer Management
Performance Monitoring and Support;Specialist;Performance Monitoring Manager;Human Resources;Performance Management
Senior Data Scientist EMEA;Specialist;Data Scientist;Data and Analytics;Data Science
Administration Employee;Specialist;Administrative Clerk;Administrative and Office;Administrative Support
HR Cost Controller Compensation & Benefit;Specialist;Compensation and Benefits Manager;Human Resources;Compensation and Benefits
Software Development Engineer;Specialist;Software Engineer;Information Technology;Creation of Software
Executive ESS;Specialist;Executive Support System Expert;Information Technology;Executive Support
Middle Management;Specialist;Manager;Executive and Management;General Management
e commerce analyst;Specialist;E-Commerce Analyst;Sales and Marketing;E-Commerce
People resceptionist;Specialist;Receptionist;Public Relations and Communications;Public Relations
Senior Sales Assistant;Junior;Salesperson;Sales and Marketing;Sales
General Manager;Manager;General Manager;Executive and Management;General Management
Asset Optimization Manager;Manager;Asset Optimization Manager;Operations;Asset Management
Associate Account Manager (Dilayani Tokopedia);Specialist;Account Manager;Sales and Marketing;Customer Management
Culture & Transformation Manager;Manager;Culture Manager;Human Resources;Culture
risk analyst;Specialist;Risk Analyst;Finance and Accounting;Risk Management
Chef de Rang;Specialist;Chef de Rang;Food and Beverage;Culinary Arts
Interpreter;Specialist;Interpreter;Language Services;Interpretation
Editorial director;Team Leader;Editorial Director;Creative and Design;Executive Leadership
Head Of Supply Chain;Head;Supply Chain Manager;Operations;Supply Chain and Logistics
aerial photographer;Specialist;Aerial Photographer;Creative and Design;Photography
Mass Funding Department Officer;Specialist;Funding Manager;Finance and Accounting;Financial Planning and Analysis
System Network Administrator;Specialist;System Network Administrator;Information Technology;Systems Administration
Shima Textile Machine Programmer Technician;Specialist;Textile Machine Programmer;Operations;Goods Production
Brand Ambassador;Specialist;Brand Ambassador;Sales and Marketing;Marketing
Planning And Management Control;Specialist;Planing and Controll Manager;Operations;Process Improvement
Bailiff;Specialist;Bailiff;Military and Security;Law Enforcement
Customer Relationships;Specialist;Customer Relations Specialist;Customer Service or Support;Customer Management
Reservoir And Petroleum Engineer;Specialist;Petroleum Engineer;Natural Resources Extraction;Petroleum Engineering
Area Manager Italy Spain Austria;Manager;Area Manager;Executive and Management;Department or Division Management
Consolidation Accountant;Specialist;Consolidation Accountant;Finance and Accounting;Accounting
Supply Chain Mr. Director;Team Leader;Supply Chain Director;Operations;Supply Chain and Logistics
Head of Engagement, Learning & Talent Management;Head;People Development Manager;Human Resources;Training and Development
Relationship Manager;Manager;Relationship Manager;Sales and Marketing;Customer Management
Stock Manager;Manager;Stock Manager;Operations;Inventory Management
Shipping And Warehouse Logistics Officer;Specialist;Logistics Manager;Operations;Supply Chain and Logistics
Operations Excellence;Specialist;Operations Manager;Operations;Operations Management
Freelance Photography;Specialist;Photographer;Creative and Design;Photography
Commercial Services Associate;Junior;Commercial Clerk;Sales and Marketing;Administrative Support
logistics manager;Manager;Logistics Manager;Operations;Supply Chain and Logistics
Celebrity And VIP Relations Manager;Manager;Key Opinion Leader Specialist;Sales and Marketing;Advertising and Promotions
Food And Beverage Manager;Manager;Food And Beverage Manager;Food and Beverage;General Management
Director of Customer Experience;Team Leader;Customer Experience Manager;Customer Service or Support;Customer Experience
Head of Wealth Management (SG);Head;Wealth Manager;Finance and Accounting;Asset Management
Brunello Cucinelli Mens And Childrens Footwear Technical Manager;Manager;Footwear Technical Manager;Creative and Design;Fashion Design
Marketing And Events Assistant;Junior;Event Planner;Event Planning and Coordination;Event Planning
Associate Account Director;Team Leader;Account Director;Sales and Marketing;Customer Management
radiation oncologist;Specialist;Radiation Oncologist;Healthcare;Oncology
Personal care aide;Specialist;Personal Care Aide;Healthcare;Personal Care
Tissue Handling And Treatment;Specialist;Tissue Treatment Specialist;Healthcare;Tissue Treatment
Freelance;Specialist;Freelancer;Self-Employed;Self-Employed
marketing research analyst;Specialist;Marketing Research Analyst;Sales and Marketing;Market Research
Junior Visual Merchandiser;Junior;Visual Merchandiser;Creative and Design;Visual Merchandising
Operation Support Head;Head;Operations Manager;Operations;Operations Management
dance teacher;Specialist;Dance Teacher;Arts and Entertainment;Teaching
AI Engineer;Specialist;AI Engineer;Data and Analytics;Artificial Intelligence
Backoffice Showroom;Specialist;Backoffice Showroom;Sales and Marketing;Administrative Support
Customer Experience;Specialist;Customer Experience Specialist;Customer Service or Support;Customer Experience
Senior Visual Merchandiser;Specialist;Visual Merchandiser;Creative and Design;Visual Merchandising
IT Specialist;Specialist;IT Specialist;Information Technology;Information Technology
Senior Software Developer;Specialist;Software Developer;Information Technology;Creation of Software
IT Retail Operation EMEA Area;Specialist;It Retail Specialist;Information Technology;Technical Support
Crossdock Ass. Manager;Manager;Crossdock Manager;Operations;Supply Chain and Logistics
Sample Manager & Showroom Assistant;Junior;Showroom Seller;Sales and Marketing;Sales
Team Leader Collection;Team Leader;Collections Manager;Administrative and Office;Collections Management
Speaker at International Conference PAHMI 12th;Internship;Speaker;Public Relations and Communications;Public Speaking
Accounts Payable Administrator;Specialist;Accounts Payable Clerk;Finance and Accounting;Accounts Payable and Receivable
Brunello Cucinelli General Manager Greater China Region;Manager;General Affair Manager;Executive and Management;General Management
Sales Person;Specialist;Salesperson;Sales and Marketing;Sales
Style Advisor;Specialist;Fashion Stylist;Creative and Design;Fashion Styling
Salesperson;Specialist;Salesperson;Sales and Marketing;Sales
Slaughterer;Specialist;Slaughterer;Food and Beverage;Food Production
Assistant Store Manager;Junior;Assistant Store Manager;Operations;Executive Support
Gynecology;Specialist;Gynecologist;Healthcare;Gynecology
Drilling Engineer;Specialist;Drilling Engineer;Natural Resources Extraction;Drilling
Womens Visual Merchandising Manager;Manager;Visual Merchandising Manager;Creative and Design;Visual Merchandising
Order taker;Specialist;Order clerk;Customer Service or Support;Order Processing
Administering input data;Specialist;Data Entry Clerk ;Data and Analytics;Data Collection
Regional Manager Operation - Greater Jakarta;Manager;Regional Operations Manager;Operations;Operations Management
Dual Site Store Manager;Manager;Store Manager;Sales and Marketing;Store Management
HC Manager;Manager;Human Capital Development Manager;Human Resources;Training and Development
compliance manager;Manager;Compliance Manager;Legal and Compliance;Compliance
Food Consultant;Specialist;Food Consultant;Food and Beverage;Consulting
Area Operations Head;Head;Area Manager;Executive and Management;Department or Division Management
Expert;Specialist;Worker;Unknown;Unknown
geographical information systems manager;Specialist;Geographical Information Systems Manager;Information Technology;Geographical Information Systems
Manager Strategy;Manager;Strategy Manager;Corporate Planning;Strategic Planning
Womens Retail Buyer;Specialist;Retail Buyer;Sales and Marketing;Purchasing and Sourcing
Customer Relations Officer;Specialist;Customer Relations Specialist;Customer Service or Support;Customer Management
Director For Commercial And Financial Analytics;Team Leader;Chief Financial Officer;Finance and Accounting;Executive Leadership
QA/QC;Specialist;Quality Assurance Specialist;Operations;Quality Control
Retail Department US And Canadian Market;Specialist;Department Manager;Sales and Marketing;Department or Division Management
Mr. Key Account Manager - FMCG;Specialist;Key Account Manager;Sales and Marketing;Customer Management
Licensing Director;Team Leader;Licensing Managar;Legal and Compliance;Intellectual Property
Master Tailor Master Tailor;Specialist;Tailor;Creative and Design;Fashion Design
Vice President, Head of Bid Management ;Head;Bid Manager;Sales and Marketing;Sales
Retail Store Manager;Manager;Store Manager;Sales and Marketing;Store Management
Production Technician;Specialist;Production Technician;Manufacturing;Goods Production
Secretary;Specialist;Secretary;Administrative and Office;Administrative Support
DÃ©veloppeur;Specialist;Software Developer;Information Technology;Creation of Software
CRM Director North America;Team Leader;Customer Relations Manager;Customer Service or Support;Customer Management
Advertising sales agent;Specialist;Advertising Sales Agent;Sales and Marketing;Advertising and Promotions
Communication And Strategic Marketing;Specialist;Public Relations Assistant;Public Relations and Communications;Public Relations
Sales Advisor;Specialist;Salesperson;Sales and Marketing;Sales
Retail Operations;Specialist;Retail Worker;Sales and Marketing;Retail Work
space planner;Specialist;Interior Designer;Creative and Design;Interior Design
Business Transformation;Specialist;Business Transformation Manager;Corporate Planning;Business Development
Internal Sales;Specialist;Inside Sales Representative;Sales and Marketing;Inside Sales
Mens Buying And CRM;Specialist;Customer Relations Specialist;Customer Service or Support;Customer Management
Junior Retail Buyer;Junior;Retail Buyer;Sales and Marketing;Purchasing and Sourcing
Last Mile Hub Lead;Team Leader;Last Mile Hub Manager;Operations;Supply Chain and Logistics
Product Design Lead;Team Leader;Product Designer;Creative and Design;Product Design
Nurse;Specialist;Nurse;Healthcare;Nursing
Assistant Account Officer;Junior;Account Manager;Sales and Marketing;Customer Management
Commercialista;Specialist;Financial Advisor;Finance and Accounting;Accounting
Simultaneous Interpreter;Specialist;Interpreter;Language Services;Interpretation
Developer;Specialist;Developer;Information Technology;Software Development
Foreign Sales Representative Asia;Specialist;Foreign Sales Representative;Sales and Marketing;Sales
Security Guard;Specialist;Security Guard;Military and Security;Private Security
Sales Manager Europe;Manager;Sales Manager;Sales and Marketing;Sales
HR Business Partner;Specialist;Human Resources Business Partner;Human Resources;Human Resources
Customer Service Consultant;Specialist;Customer Service Representative;Customer Service or Support;Customer Service
marriage and family therapist;Specialist;Family Psychologist;Healthcare;Family Therapy
Head of People;Head;Chief Human Resources Officer;Human Resources;Executive Leadership
Creative;Specialist;Creative;Creative and Design;Unknown
Admin Project;Specialist;Project Administrator;Operations;Project Management
Service Quality - Transaction Banking Wholesale Group (TBW Group);Specialist;Service Quality Manager;Customer Service or Support;Customer Service
Accounting - part timer/contract base;Specialist;Accountant;Finance and Accounting;Accounting
Account Manager;Specialist;Account Manager;Sales and Marketing;Customer Management
painter;Specialist;Painter;Creative and Design;Painting
Senior Business Development Relationship Officer;Specialist;Business Development Specialist;Corporate Planning;Business Development
Freelancer;Specialist;Freelancer;Self-Employed;Self-Employed
Generic Worker;Specialist;Worker;Unknown;Unknown
Sales Office UK Area;Specialist;Salesperson;Sales and Marketing;Sales
Saleswoman;Specialist;Salesperson;Sales and Marketing;Sales
Art Director;Team Leader;Art Director;Sales and Marketing;Marketing
Content manager;Manager;Content Manager;Creative and Design;Content Creation
Internal Merchandise Planner;Specialist;Merchandiser;Sales and Marketing;Merchandising
Trainer Expert;Specialist;Instructor;Education and Training;Teaching
data engineer;Specialist;Data Engineer;Data and Analytics;Data Engineering
Customer Care Capacity Planning Support;Specialist;Customer Care Specialist;Customer Service or Support;Customer Success
Mr. Social Media Specialist ;Specialist;Social Media Specialist;Sales and Marketing;Digital Marketing
plant geneticist;Specialist;Plant Geneticist;Science and Research;Genetics
Facon Audit;Specialist;Financial Auditor;Finance and Accounting;Auditing
Internship;Internship;Intern;Education and Training;Intern
Merchandise Analyst;Specialist;Merchandiser;Sales and Marketing;Merchandising
Airfreight Assistant Manager;Junior;Airfreight Manager;Operations;Supply Chain and Logistics
Senior Manager, Strategic PMO & Transformation office;Manager;Project Management Officer;Corporate Planning;Strategic Planning
Senior Sales Advisor;Specialist;Sales Associate;Sales and Marketing;Sales
Customer Operation;Specialist;Customer Operations Specialist;Customer Service or Support;Customer Success
Ecommerce Stylist;Specialist;Fashion Stylist;Creative and Design;Fashion Styling
Buyer;Specialist;Purchasing Officer;Operations;Purchasing and Sourcing
construction worker;Specialist;Construction Worker;Construction;General Construction
Chief Executive Officer;Head;Chief Executive Officer;Executive and Management;Executive Leadership
Scientist;Specialist;Scientist;Science and Research;Scientific Research
Technical Support Engineer;Specialist;Technical Support Engineer;Information Technology;Technical Support
Head of Product - Consumer Products;Head;Product Manager;Sales and Marketing;Product Management
Head Of Sartoria Solomeo MTM North America;Head;Head of Tailoring;Creative and Design;Executive Leadership
Supervisor Inbound;Manager;Supervisor;Executive and Management;Department or Division Management
Enterprise Management and Roaming support Sr.Engr;Specialist;Roaming Support Engineer;Information Technology;Technical Support
Marketing Consultant;Specialist;Marketing Consultant;Sales and Marketing;Consulting
Administrative Clerk;Specialist;Administrative Clerk;Administrative and Office;Administrative Support
Model Maker;Specialist;Modeller;Creative and Design;Modeling
fashion illustrator;Specialist;Fashion Illustrator;Creative and Design;Fashion Design
Transport Operations Assistant Manager;Junior;Transport Operations Manager;Operations;Supply Chain and Logistics
Social Media Manager;Manager;Social Media Manager;Sales and Marketing;Digital Marketing
Marketing Support Staff (Consumer Health Dexa);Specialist;Marketing Specialist;Sales and Marketing;Marketing
Digital Project Manager;Specialist;Project Manager;Operations;Project Management
chemical technician;Specialist;Chemical Technician;Science and Research;Chemistry
Unknown;Specialist;Unknown;Unknown;Unknown
Technical Specialist;Specialist;Technical Specialist;Information Technology;Technical Support
Pharmacy Intern;Internship;Intern;Education and Training;Intern
Employed;Specialist;Worker;Unknown;Unknown
Receptionist Showroom Brunello Cucinelli Milan;Specialist;Receptionist;Public Relations and Communications;Public Relations
Financial Planning & Analysis Senior Supervisor;Manager;Financial Planner;Finance and Accounting;Financial Planning and Analysis
Management Control;Specialist;Controll Manager;Operations;Operations Management
Digital Copywriter;Specialist;Copywriter;Creative and Design;Writing
ICT Industrial Application SrManager;Manager;Information Technology Manager;Information Technology;Executive Leadership
Visual Merchandiser Headquarter;Head;Visual Merchandising Manager;Creative and Design;Visual Merchandising
Commissioner/ Member of the Board;Head;Board Member;Executive and Management;Governance
Office Employee;Specialist;Administrative Clerk;Administrative and Office;Administrative Support
risk manager;Manager;Risk Manager;Finance and Accounting;Risk Management
Frontliner;Specialist;Frontliner;Customer Service or Support;Customer Service
Shipper Success Management - Marketplace;Specialist;Shipping Manager;Operations;Supply Chain and Logistics
Worldwide ECommerce Retail & Product Merchandiser;Specialist;Merchandiser;Sales and Marketing;Merchandising
Commercial Officer;Specialist;Commercial Clerk;Sales and Marketing;Administrative Support
Stellvertretende Storeleitung;Specialist;Unknown;Unknown;Unknown
Customer Care Specialist;Specialist;Customer Care Specialist;Customer Service or Support;Customer Success
Foreign Sales Office Employee;Specialist;Foreign Sales Representative;Sales and Marketing;Sales
Mens Style Office;Specialist;Fashion Stylist;Creative and Design;Fashion Styling
Graphic Designer Image Office;Specialist;Graphic Designer;Creative and Design;Graphic Design
Clerk;Specialist;Administrative Clerk;Administrative and Office;Administrative Support
Visual Merchandiser;Specialist;Visual Merchandiser;Creative and Design;Visual Merchandising
Communication Office Support Officer;Specialist;Public Relations Manager;Public Relations and Communications;Public Relations
Senior Product Specialist Merchandiser;Specialist;Merchandiser;Sales and Marketing;Merchandising
boilermaker;Specialist;Boilermaker;Manufacturing;Metalworking
Sales;Specialist;Salesperson;Sales and Marketing;Sales
Tailor;Specialist;Tailor;Creative and Design;Fashion Design
legal translator;Specialist;Legal Translator;Legal and Compliance;Translation
Public Relations Coordinator;Manager;Public Relations Assistant;Public Relations and Communications;Public Relations
Junior Relationship Manager;Junior;Relationship Manager;Sales and Marketing;Customer Management
CRM Manager Greater China;Manager;Customer Relations Specialist;Customer Service or Support;Customer Management
Executive Assistant;Junior;Executive Assistant;Executive and Management;Executive Support
Global Mens Buying And Merchandising;Specialist;Merchandiser;Sales and Marketing;Merchandising
Food stylist;Specialist;Food Stylist;Food and Beverage;Food Styling
outdoor education teacher;Specialist;Outdoor Education Teacher;Education and Training;Teaching
Senior Womens Retail Buyer;Specialist;Retail Buyer;Sales and Marketing;Purchasing and Sourcing
Senior Photographer;Specialist;Photographer;Creative and Design;Photography
Compensation & Benefits Coordinator;Manager;Compensation and Benefits Manager;Human Resources;Compensation and Benefits
Customer experience team leader ;Team Leader;Customer Experience Manager;Customer Service or Support;Customer Experience
Secretary Marine Offshore Engineering;Specialist;Secretary;Administrative and Office;Administrative Support
philosophy professor;Specialist;Philosophy Professor;Education and Training;Teaching
Customer Care;Specialist;Customer Care Specialist;Customer Service or Support;Customer Success
RTW Product Development;Specialist;Fashion Designer;Creative and Design;Fashion Design
Sales Boy;Specialist;Salesperson;Sales and Marketing;Sales
Stock Controller;Specialist;Stock Associate;Operations;Inventory Management
Showroom Seller Sales Assistant;Junior;Showroom Seller;Sales and Marketing;Sales
Quality Control Specialist;Specialist;Quality Control Specialist;Operations;Quality Control
Farm Owner;Specialist;Farm Manager;Agriculture and Farming;Farming
Senior Consultant - Financial Advisory Services;Specialist;Financial Advisor;Finance and Accounting;Accounting
Fashion Stylist;Specialist;Fashion Stylist;Creative and Design;Fashion Styling
Chief Human Resources Officer;Head;Chief Human Resources Officer;Human Resources;Executive Leadership
Designer;Specialist;Designer;Creative and Design;Design
Senior Facility Management Officer;Specialist;Facility Manager;Operations;Facilities Management
Retail Sales Consultant & Visual Merchandising;Specialist;Visual Merchandiser;Creative and Design;Visual Merchandising
Visual Merchandising Coordinator;Manager;Visual Merchandising Manager;Creative and Design;Visual Merchandising
Commercial Associate;Junior;Commercial Clerk;Sales and Marketing;Administrative Support
interior decorator;Specialist;Interior Decorator;Creative and Design;Interior Design
Junior Designer;Junior;Designer;Creative and Design;Design
Travel Manager;Manager;Travel Manager;Event Planning and Coordination;Travel Organization
Call Center Agent;Specialist;Call Center Representative;Customer Service or Support;Customer Service
Assistant Director Operational Excellence;Team Leader;Operational Excellence Manager;Operations;Process Improvement
Menswear Department Manager;Manager;Department Manager;Sales and Marketing;Department or Division Management
Senior Sales Account;Specialist;Account Manager;Sales and Marketing;Customer Management
Lead Qualifier;Team Leader;Lead Qualifier;Sales and Marketing;Market Research
Customer Service Officer;Specialist;Customer Service Manager;Customer Service or Support;Customer Service
Marketing & Communications Manager;Manager;Marketing Manager;Sales and Marketing;Marketing
Solution Analyst;Specialist;Solution Analyst;Information Technology;Business Analysis
Leather Leatherworkfootwear Technician;Specialist;Leather Worker;Operations;Goods Production
attorney;Specialist;Attorney;Legal and Compliance;Legal Services
Sales Manager;Manager;Sales Manager;Sales and Marketing;Sales
Group FP&A Corporate Budgeting And Reporting;Specialist;Financial Planner;Finance and Accounting;Financial Planning and Analysis
Specialist;Specialist;Worker;Unknown;Unknown
ICeo;Head;Chief Executive Officer;Executive and Management;Executive Leadership
Programmer Analyst;Specialist;Software Analyst;Information Technology;Creation of Software
Regional Manager;Manager;Regional Manager;Executive and Management;Department or Division Management
Director Of Finance Americas;Team Leader;Financial Director;Finance and Accounting;Executive Leadership
assistant risk manager;Junior;Risk Manager;Finance and Accounting;Risk Management
Fleet Procurement Staff;Specialist;Procurement Officer;Operations;Purchasing and Sourcing
Senior Project Management;Specialist;Project Manager;Operations;Project Management
Analytical Lead Scientist (Microbiology);Team Leader;Microbiologist;Research and Development;Research and Development
Mr Community Specialist;Specialist;Community Specialist;Community and Social Responsibility;Community Engagement
Operations;Specialist;Operations Assistant;Operations;Operations Management
Mens Design;Specialist;Fashion Designer;Creative and Design;Fashion Design
Administration And Finance;Specialist;Administrative Clerk;Administrative and Office;Administrative Support
Technology Mr Architect;Specialist;Technical Architect;Information Technology;Architecture Design
neonatologist;Specialist;Neonatologist;Healthcare;Neonatology
Operator;Specialist;Operator;Unknown;Unknown
Senior Information Technology Manager;Manager;Information Technology Manager;Information Technology;Executive Leadership
Pattern Maker;Specialist;Pattern Maker;Creative and Design;Textile Production
Retail Merchandise Planner;Specialist;Merchandiser;Sales and Marketing;Merchandising
Fashion Designer RTW;Specialist;Fashion Designer;Creative and Design;Fashion Design
Assistant Brand Manager;Junior;Brand Manager;Sales and Marketing;Brand Managment
Human Resources Manager;Manager;Human Resources Manager;Human Resources;Human Resources
Assistant Buyer;Junior;Assistant Buyer;Operations;Procurement and Purchasing
Vice President Human Resources;Head;Vice President Human Resources;Human Resources;Executive Leadership
IT Support Specialist;Specialist;Tecnical Support Specialist;Information Technology;Technical Support
General Affair and Office Support Senior Officer;Specialist;General Affair Manager;Executive and Management;General Management
Ecommerce Business Analyst;Specialist;Business Analyst;Information Technology;Business Analysis
Outbound B2B Officer;Specialist;Outbound Sales Representative;Sales and Marketing;Sales
plumbing system repairer;Specialist;Plumber;Construction;Plumbing and Pipefitting
Online Business & Analytics Manager;Manager;E-Commerce Analyst;Sales and Marketing;E-Commerce
fashion designer;Specialist;Fashion Designer;Creative and Design;Fashion Design
Staff;Specialist;Worker;Unknown;Unknown
Product Inventory Specialist;Specialist;Inventory Specialist;Operations;Inventory Management
Veterinary Technician;Specialist;Veterinary Technician;Animal Care and Services;Animal Health
screenwriter;Specialist;Screenwriter;Arts and Entertainment;Writing
Consultant;Specialist;Consultant;Consultancy;Consulting
Backoffice Assistant;Junior;Administrative Clerk;Administrative and Office;Administrative Support
Corporate Planning;Specialist;Corporate Planner;Corporate Planning;Strategic Planning
Group Supply Chain Director;Team Leader;Supply Chain Director;Operations;Supply Chain and Logistics
Retail Business Planner;Specialist;Business Development Specialist;Corporate Planning;Business Development
Director of Events;Team Leader;Event Director;Event Planning and Coordination;Event Management
fashion model;Specialist;Fashion Model;Arts and Entertainment;Modeling
Warehouse Leader;Team Leader;Warehouse Manager;Operations;Facilities Management
Staff Data Analyst;Specialist;Data Analyst;Data and Analytics;Analytics and Insights
Womens Style Office;Specialist;Fashion Designer;Creative and Design;Fashion Design
landscape contractor;Specialist;Landscape Contractor;Construction;Landscaping
CRM Coordinator For Europe;Manager;Customer Relations Manager;Customer Service or Support;Customer Management
Senior Showroom Seller;Specialist;Showroom Seller;Sales and Marketing;Sales
Return Employee;Specialist;Worker;Unknown;Unknown
Visual Merchandising Manager;Manager;Visual Merchandising Manager;Creative and Design;Visual Merchandising
Head of Data Analytics;Head;Head of Data Analytics;Data and Analytics;Executive Leadership
Store Manager;Manager;Store Manager;Sales and Marketing;Store Management
Manager;Manager;Manager;Executive and Management;General Management
CRM Operations Specialist;Specialist;Customer Relations Specialist;Customer Service or Support;Customer Management
Modeler Assistant;Junior;Modeller;Creative and Design;Modeling
Brand Reputation Specialist;Specialist;Brand Reputation Manager;Public Relations and Communications;Public Relations
Supervisor Prime Segment Sales Acquisition;Manager;Sales Supervisor;Sales and Marketing;Sales
Head of Technical Sort;Head;Technical Director;Information Technology;Executive Leadership
Data Science Intern;Internship;Data Scientist;Data and Analytics;Data Science
cybersecurity analyst;Specialist;Cybersecurity Analyst;Information Technology;Information Security
Key Account Manager - On Trade;Specialist;Key Account Manager;Sales and Marketing;Customer Management
NonExecutive Director;Team Leader;Director;Executive and Management;Executive Leadership
Senior Data Scientist;Specialist;Data Scientist;Data and Analytics;Data Science
paleontologist;Specialist;Paleontologist;Science and Research;Paleontology
Back Office Employee;Specialist;Administrative Clerk;Administrative and Office;Administrative Support
Dog Walker;Specialist;Dog Walker;Animal Care and Services;Animal Care
diplomatic service officer;Specialist;Diplomatic Service Officer;Government and Public Administration;Diplomatic Services
Customer Service Team Lead;Team Leader;Customer Service Manager;Customer Service or Support;Customer Service
Mans Stylist;Specialist;Fashion Stylist;Creative and Design;Fashion Styling
Associate;Junior;Associate;Unknown;Unknown
maintenance worker;Specialist;Maintenance Worker;Operations;Maintenance and Repair
Credit Manager;Manager;Credit Manager;Finance and Accounting;Accounts Payable and Receivable
Retail Department;Specialist;Retail Worker;Sales and Marketing;Retail Work
Italian Chinese Simultaneous Interpreter;Specialist;Interpreter;Language Services;Interpretation
receptionist;Specialist;Receptionist;Public Relations and Communications;Public Relations
fabric patternmaker;Specialist;Fabric Patternmaker;Manufacturing;Textile and Apparel
Knitwear Maker;Specialist;Knitwear Maker;Manufacturing;Textile Production
Commercial Department;Specialist;Commercial Clerk;Sales and Marketing;Administrative Support
Digital Media Planner;Specialist;Digital Media Planner;Sales and Marketing;Digital Marketing
fire inspector;Specialist;Fire Inspector;Legal and Compliance;Compliance
Head of Corporate Strategy and Financial Planning;Head;Chief Strategy Officer;Corporate Planning;Executive Leadership
Ecommerce Production Coordinator;Manager;Production Coordinator;Operations;Procurement and Purchasing
transit police;Specialist;Transit Police;Military and Security;Law Enforcement
Global Head Of CRM;Head;Chief Customer Officer;Customer Service or Support;Executive Leadership
Fashion Teachers;Specialist;Fashion Teacher;Education and Training;Teaching
Logistics & Customs Office;Specialist;Logistics Clerk;Operations;Supply Chain and Logistics
Area Manager;Manager;Area Manager;Executive and Management;Department or Division Management
machinist;Specialist;Machinist;Manufacturing;Machining
Freelance Translator;Specialist;Translator;Language Services;Translation
Early Childhood Educator;Specialist;Early Childhood Educator;Education and Training;Training and Development
VIC Client Advisor Madison Avenue;Specialist;Customer Care Specialist;Customer Service or Support;Customer Success
Photographer;Specialist;Photographer;Creative and Design;Photography
Tailor Student;Specialist;Tailor;Creative and Design;Fashion Design
Co-Founder;Specialist;Founder;Executive and Management;Entrepreneurship
Showroom Organizer;Specialist;Showroom Supervisor;Sales and Marketing;Sales
Business Owner;Specialist;Owner;Executive and Management;Entrepreneurship
Online Dispute Resolution;Specialist;Online Dispute Resolution;Legal and Compliance;Legal
Director Of The Magazine;Team Leader;Editorial Director;Creative and Design;Executive Leadership
Master Tailor MTM Specialist;Specialist;Tailor;Creative and Design;Fashion Design
Sales Assistant;Junior;Salesperson;Sales and Marketing;Sales
Warehouse Supervisor;Manager;Warehouse Supervisor;Operations;Supply Chain and Logistics
Head Of Brand Merchandising;Head;Head of Merchandising;Sales and Marketing;Executive Leadership
Accounting;Specialist;Accounting Manager;Finance and Accounting;Accounting
radiologic technologist;Specialist;Radiologic Technologist;Healthcare;Radiology
Head Of Womens Retail Buying;Head;Head of Retail;Executive and Management;Retail Management
Commercial Planning & Activation Manager ;Manager;Brand Activation Manager;Sales and Marketing;Marketing
Freelance Writer;Specialist;Writer;Creative and Design;Writing
BPS Merchandiser;Specialist;Merchandiser;Sales and Marketing;Merchandising
Bank Teller;Specialist;Bank Teller;Customer Service or Support;Customer Facing Roles
Manager Retail Operations North America;Manager;Retail Manager;Executive and Management;Retail Management
Client Advisor;Specialist;Customer Care Specialist;Customer Service or Support;Customer Success
SEA Group Tax Manager;Manager;Tax Manager;Finance and Accounting;Taxation
Apothecary Internship;Internship;Intern;Education and Training;Intern
Fitting Model;Specialist;Fitting Model;Arts and Entertainment;Modeling
Customer Support Specialist;Specialist;Customer Support Specialist;Customer Service or Support;Customer Support
Chef de partie;Specialist;Chef de Partie;Food and Beverage;Culinary Arts
Digital Content Specialist;Specialist;Digital Content Specialist;Creative and Design;Digital Content
Director of Employee Experience;Team Leader;Employee Experience Manager;Human Resources;Employee Relations
landscape architect;Specialist;Landscape Architect;Creative and Design;Landscape Architecture
Foreign Sales Representative Monobrand Office;Specialist;Foreign Sales Representative;Sales and Marketing;Sales
Support Engineer;Specialist;Support Engineer;Information Technology;Technical Support
Engineer;Specialist;Engineer;Engineering;Engineering
Senior Financial Controller Digital & ECommerce;Specialist;Financial Controller;Finance and Accounting;Accounting
Regional Sport Assistant Manager;Junior;Regional Sport Manager;Sports and Recreation;Department or Division Management
Senior Fashion Designer;Specialist;Fashion Designer;Creative and Design;Fashion Design
Warehouse Manager;Manager;Warehouse Manager;Operations;Facilities Management
waste management officer;Specialist;Waste Management Officer;Environmental Services;Waste Management
Head - CVM and Digital Engagement;Head;Chief Customer Officer;Customer Service or Support;Executive Leadership
Trade Marketing Specialist;Specialist;Trade Marketing Manager;Sales and Marketing;Marketing
Sales Specialist;Specialist;Salesperson;Sales and Marketing;Sales
Commercial Administrator;Specialist;Commercial Clerk;Sales and Marketing;Administrative Support
careers adviser;Specialist;Careers Adviser;Education and Training;Career Counseling
Co-Owner;Specialist;Owner;Executive and Management;Entrepreneurship
Customer Service Representative;Specialist;Customer Service Representative;Customer Service or Support;Customer Service
maintenance and general worker;Specialist;Maintenance Worker;Operations;Maintenance and Repair 
bench jeweler;Specialist;Bench Jeweler;Manufacturing;Jewelry Design
Procurement Officer;Specialist;Procurement Officer;Operations;Purchasing and Sourcing
Founder;Specialist;Founder;Executive and Management;Entrepreneurship
Head of TV Services;Head;Head of TV Services;Arts and Entertainment;Executive Leadership
builder;Specialist;Construction Worker;Construction;General Construction
Marketing Team;Specialist;Marketing Specialist;Sales and Marketing;Digital Marketing
Senior Account Manager;Specialist;Account Manager;Sales and Marketing;Customer Management
Head Of Visual Merchandiser France;Head;Visual Merchandising Manager;Creative and Design;Visual Merchandising
Senior Vice President of Engineering;Head;Vice President of Engineering;Executive and Management;Executive Leadership
Documentary filmmaker;Specialist;Filmmaker;Arts and Entertainment;Film Production
Volunteer;Specialist;Volunteer;Community and Social Responsibility;Volunteering
Customer Service Agent;Specialist;Customer Service Representative;Customer Service or Support;Customer Service
Self Employed;Specialist;Self-Employed;Self-Employed;Self-Employed
meteorology professor;Specialist;Meteorology Professor;Education and Training;Teaching
Restaurant Manager;Manager;Restaurant Manager;Hospitality and Tourism;Restaurant Management
human resources consultant;Specialist;Human Resources Consultant;Human Resources;HR Consulting
Business Analyst;Specialist;Business Analyst;Information Technology;Business Analysis
Business Development Specialist;Specialist;Business Development Specialist;Corporate Planning;Business Development
Luxury Fashion Showroom Wearer;Specialist;Fitting Model;Arts and Entertainment;Modeling
Marketing Manager;Manager;Marketing Manager;Sales and Marketing;Marketing
Flagship Store Manager;Manager;Store Manager;Sales and Marketing;Store Management
Senior Shipper Succes Management Sumatera;Specialist;Shipping Manager;Operations;Supply Chain and Logistics
SEO;Specialist;SEO Specialist;Sales and Marketing;Digital Marketing
Software Engineer;Specialist;Software Engineer;Information Technology;Creation of Software
ConsultantGraphic Designer;Specialist;Graphic Designer;Creative and Design;Graphic Design
Host;Specialist;Host/Hostess;Customer Service or Support;Customer Facing Roles
Customer Loyalty - Claim Operations Specialist;Specialist;Customer Loyalty Manager;Sales and Marketing;Customer Management
Group Chief Technology Information Officer;Head;Chief Technology Officer;Information Technology;Executive Leadership
Key Account;Specialist;Key Account Manager;Sales and Marketing;Customer Management
Ecommerce Product Styling;Specialist;Product Photographer;Creative and Design;Photography
Ecommerce Customer Care Specialist;Specialist;Customer Care Specialist;Customer Service or Support;Customer Success
Business Travel Management Consultant;Specialist;Travel Manager;Event Planning and Coordination;Travel Organization
Product Manager And Industrialization Manager;Manager;Product Manager;Sales and Marketing;Product Management
meeting planner;Specialist;Event Planner;Event Planning and Coordination;Event Planning
CAD Model Maker Head Of The Modeling And Tailoring Sector;Head;Head of Tailoring;Creative and Design;Executive Leadership
Multibrand Foreign Commercial Europe;Specialist;Foreign Sales Representative;Sales and Marketing;Sales
Senior Technology & Ecommerce Operations Manager;Manager;E-commerce Operations Manager;Operations;Operations Management
strategic planner;Specialist;Strategic Planner;Corporate Planning;Strategic Planning
ICT Supply Chain Product Manager;Manager;Supply Chain Manager;Operations;Supply Chain and Logistics
People Development and Culture;Specialist;People Development Manager;Human Resources;Training and Development
Asst Manager of Recruitment & Assessment;Manager;Recruitment Manager;Human Resources;Talent Acquisition and Recruitment
Senior Manager BPS North America;Manager;Area Manager;Executive and Management;Department or Division Management
Feshion designer and stylist;Specialist;Fashion Designer;Creative and Design;Fashion Design
infrastructure architect;Specialist;Infrastructure Architect;Information Technology;Systems Architecture
Style Office Bags Department;Specialist;Fashion Designer;Creative and Design;Fashion Design
Technical Manager;Manager;Technical Manager;Information Technology;Executive Leadership
Customer Care SpecialistEcommerce;Specialist;Customer Care Specialist;Customer Service or Support;Customer Success
ICT RETAIL APPLICATIONS SPECIALIST;Specialist;Retail Applications Specialist;Information Technology;Creation of Software
Visual Merchandising;Specialist;Visual Merchandiser;Creative and Design;Visual Merchandising
Director;Team Leader;Director;Executive and Management;Executive Leadership
Head of Product Information & Regulatory Affairs Department;Head;Head of Regulatory Affairs;Legal and Compliance;Executive Leadership
Marketing;Specialist;Marketing Manager;Sales and Marketing;Marketing
Zoology professor;Specialist;Zoology Professor;Education and Training;Teaching
Investor Relations & Corporate Planning Director;Team Leader;Corporate Planner;Corporate Planning;Strategic Planning
veterinary med;Specialist;Veterinarian;Animal Care and Services;Animal Health
plumber;Specialist;Plumber;Construction;Plumbing and Pipefitting
Talent Management;Specialist;Talent Manager;Human Resources;Talent Management
Customer Experience Senior Officer;Specialist;Customer Experience Manager;Customer Service or Support;Customer Experience
Customer Service Team Leader;Team Leader;Customer Service Manager;Customer Service or Support;Customer Service
Managing Director;Team Leader;Director;Executive and Management;Executive Leadership
Boutique Manager;Manager;Store Manager;Sales and Marketing;Store Management
Internal Communications Specialist;Specialist;Internal Communications Manager;Public Relations and Communications;Corporate Comunication
Business Intelligence Specialist;Specialist;Business Intelligence Specialist;Data and Analytics;Business Intelligence
Customer Support;Specialist;Customer Support Specialist;Customer Service or Support;Customer Support
Director Of Mens;Team Leader;Director;Executive and Management;Executive Leadership
Foreign Sales Office;Specialist;Foreign Sales Representative;Sales and Marketing;Sales
SIT Tester;Specialist;Software Tester;Information Technology;Quality Assurance and Testing
public affairs consultant;Specialist;Public Affairs Consultant;Public Relations and Communications;Public Affairs
Mitra Account Manager;Specialist;Account Manager;Sales and Marketing;Customer Management
JÃ¤germeister senior brand ambassador Bali & Java;Specialist;Brand Ambassador;Sales and Marketing;Marketing
E-Commerce Expert;Specialist;E-Commerce Analyst;Sales and Marketing;E-Commerce
EMEA MTm Manager;Manager;MTM Manager;Operations;Operations Management
Sample Worker;Specialist;Worker;Unknown;Unknown
Store Planning & Interior Design Expert;Specialist;Store Planner;Sales and Marketing;Store Management
Commercial Clerk Japan Area;Specialist;Commercial Clerk;Sales and Marketing;Administrative Support
Demand Planner;Specialist;Demand Planner;Operations;Inventory Management
Human Capital Dev. Manager;Manager;Human Capital Development Manager;Human Resources;Training and Development
Student Intern - BKSAP (Badan Kerja Sama Antar Parlemen);Internship;Intern;Education and Training;Intern
Partner;Specialist;Partner;Unknown;Unknown
fitness centre manager;Manager;Fitness Centre Manager;Sports and Recreation;Gym Management
Foreign Sales Representative Retail Office;Specialist;Foreign Sales Representative;Sales and Marketing;Sales
Assistant Manager Talent Sourcing & Transfer;Junior;Recruitment Manager;Human Resources;Talent Acquisition and Recruitment
Director Of Store Planning;Team Leader;Store Planner;Sales and Marketing;Store Management
Brand Business Manager;Manager;Brand Manager;Sales and Marketing;Brand Managment
neonatal nurse practitioner;Specialist;Neonatal Nurse Practitioner;Healthcare;Neonatal Nursing
Jr Social Media Manager;Junior;Social Media Manager;Sales and Marketing;Digital Marketing
Enumerator Team;Specialist;Data Entry Clerk;Data and Analytics;Data Collection
Workman;Specialist;Worker;Unknown;Unknown
Modeler Help;Specialist;Modeler;Information Technology;Data Science
Digital Marketing Specialist;Specialist;Digital Marketing Specialist;Sales and Marketing;Digital Marketing
Vendor Management;Specialist;Vendor Manager;Operations;Procurement and Purchasing
StyleProduct Assistant;Junior;Fashion Stylist;Creative and Design;Fashion Styling
statistical assistant;Junior;Statistical Expert;Data and Analytics;Statistics
Senior Sales Executive;Specialist;Sales Manager;Sales and Marketing;Sales
Digital Marketing Director;Team Leader;Digital Marketing Manager;Sales and Marketing;Digital Marketing
IoT Engineer;Specialist;IoT Engineer;Information Technology;Internet of Things
Head Of Charity Projects;Head;Head of Charity;Community and Social Responsibility;Corporate Social Responsibility
Purchasing Officer (Non Food Category);Specialist;Purchasing Officer;Operations;Procurement and Purchasing
Piano teacher;Specialist;Piano Teacher;Education and Training;Teaching
MTM Made To Measure Manager;Manager;Fashion Manager;Creative and Design;Fashion Design
Technician;Specialist;Technician;Unknown;Unknown
Copywriter | Content Writer;Specialist;Copywriter;Creative and Design;Writing
occupational psychologist;Specialist;Occupational Psychologist;Healthcare;Psychology
Wildlife rehabilitator;Specialist;Wildlife Rehabilitator;Animal Care and Services;Animal Health
Graphic Designer;Specialist;Graphic Designer;Creative and Design;Graphic Design
Project Management Store;Specialist;Project Manager;Operations;Project Management
Member Of The Production Team;Specialist;Production Worker;Operations;Goods Production
Customer Service;Specialist;Customer Service Representative;Customer Service or Support;Customer Service
Digital Marketing Consultant;Specialist;Digital Marketing Manager;Sales and Marketing;Digital Marketing
IT & OT Cyber Security Engineer;Specialist;Cybersecurity Engineer;Information Technology;Information Security
PR & Corporate Communication Lead;Team Leader;Public Relations Manager;Public Relations and Communications;Public Relations
Shipping Agency Operation;Specialist;Shipping Manager;Operations;Supply Chain and Logistics
Branch Manager;Manager;Branch Manager;Executive and Management;Department or Division Management
Senior Account Executive And Retail Operations;Manager;Account Executive;Sales and Marketing;Executive Leadership
allergist;Specialist;Allergist;Healthcare;Allergy and Immunology
decorative painter;Specialist;Decorative Painter;Creative and Design;Painting
Software Quality Assurance;Specialist;Software QA Specialist;Information Technology;Quality Assurance and Testing
oracle database administrator;Specialist;Oracle Database Administrator;Information Technology;Database Administration
molecular geneticist;Specialist;Molecular Geneticist;Science and Research;Genetics
IT Manager;Manager;IT Manager;Information Technology;Executive Leadership
Shipping Officer;Specialist;Shipping Manager;Operations;Supply Chain and Logistics
Head of Systems Integration and Testing;Head;Head of Systems Integration and Testing;Information Technology;Executive Leadership
Foreign Commercial;Specialist;Foreign Sales Representative;Sales and Marketing;Sales
Modeller;Specialist;Modeller;Creative and Design;Modeling
Tailoring Specialist;Specialist;Tailor;Creative and Design;Fashion Design
Production And Logistics;Specialist;Production and Logistics Manager;Operations;Supply Chain and Logistics
Data Consultant;Specialist;Data Analyst;Data and Analytics;Data Analysis
Store Administration Specialist;Specialist;Store Manager;Sales and Marketing;Store Management
Head Of Retail;Head;Head Of Retail;Sales and Marketing;Executive Leadership
Head of Subshipper Success Management - Retail & Platform;Head;Shipping Manager;Operations;Supply Chain and Logistics
Sales Consultant;Specialist;Sales Consultant;Sales and Marketing;Consulting
Mastert Tailor MTM SPECIALIST;Specialist;Tailor;Creative and Design;Fashion Design
Quality Assurance Specialist;Specialist;Quality Assurance Specialist;Operations;Quality Control
JÃ¤germeister brand promotion manager Far East & East Siberia;Manager;Brand Manager;Sales and Marketing;Marketing
Assistant Manager;Junior;Assistant Manager;Executive and Management;Executive Support
science-teacher;Specialist;Science Teacher;Education and Training;Teaching
IT Product Owner;Specialist;Product Owner;Information Technology;Product Management
Senior Software Development Engineer;Specialist;Software Engineer;Information Technology;Creation of Software
Senior Account Executive;Manager;Account Executive;Sales and Marketing;Executive Leadership
Project Manager;Specialist;Project Manager;Operations;Project Management
metal refining furnace operator;Specialist;Metal Refining Furnace Operator;Manufacturing;Metalworking
Creative Designer;Specialist;Creative Designer;Creative and Design;Graphic Design
Business Development Officer;Specialist;Business Development Specialist;Corporate Planning;Business Development
Anti money laundering specialist;Specialist;Anti-Money Laundering Specialist;Legal and Compliance;Compliance
Associate Creative Director;Team Leader;Creative Director;Sales and Marketing;Brand Managment
interpreter;Specialist;Interpreter;Language Services;Interpreting
Missing Information;Specialist;Unknown;Unknown;Unknown
Commercial Office;Specialist;Commercial Clerk;Sales and Marketing;Sales
Fulfillment - Business Development;Specialist;Business Development Specialist;Corporate Planning;Business Development
Customs Office Management Control Area;Specialist;Customs Office manager;Operations;Compliance
QA Tester Manual;Specialist;QA Tester;Information Technology;Quality Assurance and Testing
Course Facilitator;Specialist;Training Facilitator;Education and Training;Training and Development
Financial Controller Singlebrand Planning And Control;Specialist;Financial Controller;Finance and Accounting;Financial Planning and Analysis
Clerk;Specialist;Administrative Clerk;Administrative and Office;Administrative Support
Quality Control;Specialist;Quality Control Specialist;Operations;Quality Control
